"Item","Frequency"
"RPS4Y1",21
"DDX3Y",20
"KDM5D",18
"USP9Y",18
"EIF1AY",16
"XIST",15
"UTY",15
"TXLNGY",12
"ZFY",11
"TTTY15",8
"TTTY14",8
"NLGN4Y",7
"PRKY",7
"BC022384",6
"ZFX",5
"AL713714",5
"RPS4Y2",4
"AI973051",4
"AI753104",4
"237225_at",4
"APLN",3
"KDM5C",3
"DAZ4",3
"OFCC1",3
"DNAH1",3
"control",3
"LMBR1",3
"SEPT6",3
"TTTY10",3
"TBL1Y",3
"CYORF15A",3
"CYORF15B",3
"TMSB4Y",3
"P3H4",2
"PHLDA1",2
"CD22",2
"OR51B6",2
"ZBED1",2
"MYH9",2
"HOMER3",2
"ZPBP",2
"STK11",2
"CARHSP1",2
"ABTB2",2
"CBS",2
"ARHGEF12",2
"LINC00892",2
"WHRN",2
"SQSTM1",2
"GUCD1",2
"DCAF7",2
"BCL11A",2
"TWF1",2
"C1QL1",2
"MLLT1",2
"N4BP2L1",2
"MID2",2
"NOL12",2
"HSF1",2
"ZNF333",2
"WDFY3",2
"UBE2J2",2
"CA8",2
"KIR2DS1",2
"ITPKB",2
"TRPM4",2
"FRAS1",2
"B4GALT6",2
"TBC1D9B",2
"SOWAHC",2
"ZNF19",2
"FAM205BP",2
"C10orf76",2
"C8orf82",2
"PCSK5",2
"TCAF1",2
"WNK1",2
"DEFB106B",2
"IGKC",2
"TBC1D13",2
"ZNF503",2
"POLR2J",2
"VSTM4",2
"BCL6",2
"PPP1R14B",2
"CCT4",2
"AI732702",2
"FOXP2",2
"SLC25A27",2
"SLC6A8",2
"FAM129B",2
"FZD7",2
"EVA1B",2
"TRIM36",2
"WDR25",2
"SF3B2",2
"AL134012",2
"PKN1",2
"AW445213",2
"PPP1R32",2
"TOR1AIP2",2
"HK2",2
"TTC7A",2
"TBC1D9",2
"RAB8A",2
"ABHD4",2
"ZNF703",2
"FRYL",2
"ATP13A4",2
"FAM111B",2
"NENF",2
"SERGEF",2
"ALDOB",2
"ADARB1",2
"CDC42EP4",2
"HOXC10",2
"NKD1",2
"LAMTOR1",2
"AFM",2
"BC009643",2
"RABGEF1",2
"CSTB",2
"OLIG2",2
"SLC22A7",2
"GATAD2A",2
"BACH1",2
"MED16",2
"CDH4",2
"BTBD2",2
"NOTCH1",2
"GMPS",2
"PPFIBP1",2
"SFXN5",2
"N4BP1",2
"NOL4L",2
"OR5E1P",2
"RTKN",2
"GLYATL2",2
"FAM43A",2
"LOC102723845",2
"AMER3",2
"GALT",2
"KCNIP4",2
"ZFP36L2",2
"MYLK3",2
"UBE2A",2
"NEK11",2
"SERF2-C15ORF63",2
"MIR675",2
"IL6R",2
"PPM1L",2
"ACACB",2
"LRCH1",2
"1554963_at",2
"CTDSP2",2
"SGCD",2
"SZT2",2
"WRAP73",2
"PTGR1",2
"LFNG",2
"SLC24A1",2
"GDF3",2
"NAV3",2
"CASZ1",2
"SLC38A5",2
"EIF1AX",2
"chrY:21034391-21040114",2
"LINC00965",2
"chr15:46952856-46952958",2
"CCDC90B",2
"MRPL14",2
"PCDH11Y",2
"GRID2",2
"DNM1P46",2
"LOC102725104",2
"POLE4",2
"EIF1B",2
"chr5:103434575-103434740",2
"chr3:146714394-146714500",2
"BC063894",2
"TCEA1",2
"BBOX1",2
"TMEM163",2
"TMPO",2
"GATA6",2
"PEX13",2
"SOCS3",2
"PDE5A",2
"SMURF1",2
"ADK",2
"TPD52",2
"UBR5-AS1",2
"SFI1",2
"DIDO1",2
"TTC17",2
"IFNGR1",2
"CD46",2
"GPR89A",2
"SKIV2L2",2
"B3GALT5",2
"LOC729887",2
"MALT1",2
"KYNU",2
"HMGA2",2
"COLQ",2
"DOCK9",2
"RUBCN",2
"HNRNPUL2-BSCL2",2
"MBOAT1",2
"EFNA3",2
"PCBP2",2
"LRRFIP2",2
"AIFM1",2
"RAB11A",2
"PRKX",2
"OSBPL5",2
"ATP2B4",2
"CHST15",2
"KCTD5",2
"ZRSR2",2
"HSPA6",2
"PUDP",2
"PYY",1
"SCGB2A1",1
"BAAT",1
"NDUFS7",1
"SIPA1",1
"SRGAP3",1
"LOC283674",1
"CLMN",1
"TSIX",1
"SIGIRR",1
"NUP62CL",1
"GTPBP6",1
"CYP3A7-CYP3A51P",1
"AF085937",1
"1566044_at",1
"RASIP1",1
"LOC151121",1
"CDK2AP2",1
"AI021902",1
"ZFP36L1",1
"SYNE3",1
"STAT5B",1
"HCG18",1
"NTN1",1
"SPI1",1
"APAF1",1
"PIAS4",1
"PLA2G4B",1
"HCP5B",1
"CALML5",1
"PTPN12",1
"AL713663",1
"FKBP15",1
"ITGAL",1
"C1orf68",1
"VCAN",1
"PHTF2",1
"NFKB2",1
"CRHR1",1
"SLC12A9",1
"AK026378",1
"AFF2",1
"CASKIN2",1
"JAGN1",1
"PKD1L2",1
"CLRN1",1
"TP53BP1",1
"AW085501",1
"ZNF259P1",1
"FMN1",1
"BC032043",1
"GCDH",1
"ARHGAP22",1
"LOC158402",1
"SH3BGRL3",1
"LOC101930630",1
"KRTAP4-11",1
"AA716482",1
"PGK1",1
"AW976247",1
"HMG20B",1
"DNAJC1",1
"ZNF733P",1
"MAP3K6",1
"NOTCH4",1
"ARHGEF10L",1
"243682_at",1
"GAL3ST1",1
"LOC101927907",1
"CCL23",1
"BMP7",1
"NFATC3",1
"INSR",1
"ZNF697",1
"AB051438",1
"MIR6791",1
"PPFIBP2",1
"ACPP",1
"AHSA2",1
"SLAMF1",1
"DENND2A",1
"RANBP10",1
"TTN",1
"ZBED6",1
"LOC101929284",1
"MCOLN2",1
"ZNF771",1
"DMD",1
"LINC00881",1
"UNC5B",1
"GNA12",1
"AF130091",1
"YBX1",1
"OR4F29",1
"AI634355",1
"NTN3",1
"UBTF",1
"LOC101928668",1
"CCDC142",1
"CAPN10",1
"TFEB",1
"ARL3",1
"CD99",1
"FBRSL1",1
"OR8D1",1
"AW612663",1
"AI270858",1
"MDH1B",1
"PPARA",1
"PABPC1",1
"NPBWR1",1
"COL1A1",1
"AI742744",1
"OR6A2",1
"NLGN3",1
"BC041466",1
"PRKD2",1
"ITPR2",1
"IFRD2",1
"MMEL1",1
"LIMD1",1
"LOC101927122",1
"ARHGEF40",1
"ARRB1",1
"R56808",1
"LOC388456",1
"TBC1D2",1
"AA702961",1
"PIEZO1",1
"AU147851",1
"ANKRD26P3",1
"PMEPA1",1
"TMCC1",1
"PDGFB",1
"MAP3K11",1
"HSPB7",1
"SFRP1",1
"PHTF1",1
"TRIM56",1
"CAPN15",1
"LINC01122",1
"UCKL1",1
"RAB2A",1
"TLN1",1
"MGC27345",1
"IKZF3",1
"HEY2",1
"AK000030",1
"WDFY2",1
"ZNF644",1
"BF513944",1
"RAPGEF3",1
"C2orf61",1
"TBC1D16",1
"METTL21EP",1
"MAN1A2",1
"CFAP221",1
"EXOSC10",1
"LOC105369748",1
"TRIM24",1
"GRM6",1
"ZNF776",1
"DARS-AS1",1
"BF510739",1
"CHIC1",1
"CNOT6L",1
"BF724621",1
"C10orf2",1
"PACS2",1
"LOC102724689",1
"NLRP14",1
"ODF3B",1
"KRTAP11-1",1
"ZNF562",1
"IGH",1
"SPRR1B",1
"TMEM37",1
"SLCO3A1",1
"SRPK1",1
"CALD1",1
"RPS15A",1
"LL0XNC01-116E7.2",1
"AKT3",1
"SCARF2",1
"MAGI3",1
"AW979018",1
"GPR107",1
"AK023427",1
"BARX1",1
"INPPL1",1
"NME4",1
"LYAR",1
"SLC39A13",1
"UGT1A3",1
"AW629429",1
"MSL1",1
"AW971863",1
"FAM87B",1
"PIK3C2A",1
"T99769",1
"ACRV1",1
"NFIC",1
"SUN3",1
"ALB",1
"216547_at",1
"DNASE1L2",1
"AF085980",1
"AA651888",1
"MEX3D",1
"DMRTC1B",1
"ZNF638",1
"ZNF419",1
"TAF4B",1
"LRGUK",1
"UBA6",1
"LOC101929752",1
"MIR4745",1
"BCLAF1",1
"ALYREF",1
"210230_at",1
"EMILIN1",1
"CYP2B6",1
"AI023795",1
"1553083_at",1
"WWTR1",1
"SLC22A25",1
"RAI14",1
"AF161366",1
"AI962487",1
"BC014866",1
"MYO9B",1
"MGAT3",1
"PPP6R2",1
"CYP2B7P",1
"SLC19A1",1
"CYHR1",1
"ZBTB17",1
"SZRD1",1
"VAV2",1
"LOC101927766",1
"FLII",1
"OR4D1",1
"KLF8",1
"RNF17",1
"BF513295",1
"ETFBKMT",1
"TXNDC2",1
"VEGFB",1
"TP53TG1",1
"TXN2",1
"BE856302",1
"CPM",1
"TYRO3P",1
"AK025387",1
"ZC3H13",1
"FGFRL1",1
"LINC00032",1
"AI732427",1
"LAYN",1
"AA021230",1
"STAC3",1
"TRAM1",1
"ERC1",1
"ZFP28",1
"CCNK",1
"LINC00452",1
"NMNAT2",1
"ATP6V1E2",1
"AW449624",1
"AK095353",1
"IQCF5-AS1",1
"AK024860",1
"TRAF3IP2-AS1",1
"GEMIN2",1
"DDX31",1
"AK074226",1
"UCHL1",1
"RBBP6",1
"LOC100507391",1
"LTBP3",1
"LINC00301",1
"PDGFRB",1
"PLEC",1
"DERL2",1
"KIR2DS5",1
"ANKRD23",1
"SNORA65",1
"POLR2L",1
"BC037339",1
"GAFA2",1
"AW963995",1
"AI433880",1
"AI652352",1
"MGC15885",1
"METRN",1
"ACVR2B",1
"AV700403",1
"MRPL52",1
"IFNA17",1
"Y13187",1
"244106_at",1
"LCAT",1
"CYP2C19",1
"UIMC1",1
"PABPC3",1
"LTBP4",1
"LINC01354",1
"234518_at",1
"SOX18",1
"236940_at",1
"AA772874",1
"LDLRAP1",1
"MIR6756",1
"RWDD2A",1
"NME3",1
"LOC105369167",1
"LOC101928748",1
"AF086534",1
"SV2C",1
"TGDS",1
"HECTD2",1
"ALKBH3-AS1",1
"PLCE1",1
"CCNT2",1
"MAGEA6",1
"TAF10",1
"TXNDC8",1
"IGHMBP2",1
"AA524123",1
"LOC102724561",1
"RNASEH2B",1
"LOC102723701",1
"PRRC2A",1
"PRDM9",1
"CCDC107",1
"NEGR1-IT1",1
"CD80",1
"HIC1",1
"AF075107",1
"SFSWAP",1
"MIR2682",1
"WNT6",1
"UBE3A",1
"DNM2",1
"WWC3",1
"LOC401324",1
"GRID1",1
"BC015125",1
"HLA-DOB",1
"AF116608",1
"GNA14",1
"LOC692247",1
"MACF1",1
"THNSL2",1
"AI079534",1
"LOC101929479",1
"CORO1B",1
"EXOC7",1
"LOXL2",1
"STK40",1
"MLYCD",1
"DPP10-AS3",1
"ZNF268",1
"DDX60L",1
"HSP90B1",1
"PKP3",1
"RMST",1
"RIN3",1
"AK022254",1
"STK38",1
"FAH",1
"PCAT4",1
"BC017948",1
"SPHK2",1
"NDUFV3",1
"TAS2R8",1
"TGFB3",1
"TNS1",1
"SLC39A7",1
"CNDP2",1
"ZBTB7A",1
"SLC45A2",1
"ELF1",1
"AW513654",1
"AA431623",1
"DOCK9-AS2",1
"EOMES",1
"SCAF4",1
"PLEKHA4",1
"KLF6",1
"AI458419",1
"URI1",1
"TRAPPC9",1
"INO80B-WBP1",1
"HGF",1
"CYP1B1",1
"SPIN3",1
"TP53I13",1
"SLC15A3",1
"BF196252",1
"LINC-PINT",1
"ST3GAL3",1
"AF086325",1
"AF147403",1
"AL049988",1
"LOXL4",1
"ARHGDIB",1
"AF086318",1
"WIZ",1
"PPP2R1B",1
"R49603",1
"OTP",1
"LOC100505984",1
"LOC101927815",1
"220906_at",1
"SH3BP4",1
"MOB3A",1
"ZIM2",1
"LINC00919",1
"GDPD1",1
"PPP1CB",1
"RP9",1
"A4GALT",1
"CUL5",1
"LCE1E",1
"EHMT1",1
"BC043428",1
"RTTN",1
"ANO8",1
"CGB1",1
"SIRT5",1
"PARP9",1
"BC026120",1
"GALNT5",1
"C10orf88",1
"AA331299",1
"RIT1",1
"MBD3",1
"NOS3",1
"ZNF93",1
"KLK3",1
"ADA",1
"UNK",1
"POM121C",1
"NOTCH3",1
"BCL10",1
"HOXC11",1
"IFNLR1",1
"SPATA19",1
"CLEC4F",1
"BGN",1
"ERCC4",1
"ELFN2",1
"CLN8",1
"AKAP17A",1
"CDKN1C",1
"RAB21",1
"ZBTB37",1
"229525_at",1
"GJC2",1
"HIPK2",1
"STK4-AS1",1
"LOC339166",1
"SUSD4",1
"MTMR7",1
"FCRL2",1
"WDFY4",1
"COL27A1",1
"LOC101927159",1
"GNA11",1
"KANK2",1
"CADM4",1
"MBNL2",1
"LOC100130987",1
"NAA60",1
"LOC101930114",1
"LY6G5B",1
"DRC7",1
"AIFM3",1
"TPRA1",1
"CELF2-AS1",1
"DDAH2",1
"TPH2",1
"IFT140",1
"LOC101928963",1
"MEP1B",1
"IL23R",1
"CSRNP3",1
"BI599409",1
"TMEM110",1
"POMC",1
"AI424825",1
"STK32A",1
"MYPN",1
"DNAH6",1
"MGEA5",1
"BF508991",1
"242816_at",1
"INO80C",1
"ZNF524",1
"ICE2",1
"BOLA2B",1
"ADGRB1",1
"MIR637",1
"CTAGE1",1
"TNS2",1
"AA257109",1
"PRR9",1
"SSBP4",1
"ITGA8",1
"AL049351",1
"MAT2B",1
"CHST12",1
"CD82",1
"ITGB2-AS1",1
"USP54",1
"ARHGAP20",1
"NANP",1
"TCHP",1
"ZNF688",1
"AW902013",1
"AI133721",1
"MYOC",1
"SSBP2",1
"AI934909",1
"LINC00685",1
"BC014996",1
"KRT74",1
"MIR8072",1
"KLK4",1
"FLJ37453",1
"UEVLD",1
"COA4",1
"TRAV12-2",1
"DMPK",1
"USP13",1
"KRTAP5-8",1
"PC",1
"HTR1F",1
"TSC22D4",1
"PSMB10",1
"LINC00671",1
"DDX39A",1
"X69637",1
"LIMS4",1
"1560868_s_at",1
"SERPINB2",1
"IKZF2",1
"ACTR6",1
"ARHGEF39",1
"ARGLU1",1
"TMED9",1
"MGC10814",1
"ZNF580",1
"AI023444",1
"IFNA4",1
"GTF3C6",1
"CARMIL1",1
"PHLDA3",1
"ADCY8",1
"AK027254",1
"MED26",1
"R3HCC1",1
"AF086474",1
"F2R",1
"PRO2214",1
"SUSD1",1
"AW384895",1
"FOXO4",1
"MED31",1
"KRT2",1
"NRDE2",1
"CRTC3",1
"FCHSD2",1
"RRBP1",1
"NPAP1",1
"RAD51-AS1",1
"STEAP3",1
"NUDT22",1
"DHX34",1
"NXPH2",1
"CSPP1",1
"EEF1E1",1
"FAM159A",1
"LOC101927849",1
"LOC101927705",1
"CDS1",1
"SLC25A29",1
"RMND1",1
"GNG5",1
"SMURF2",1
"LOC101928205",1
"TRIM8",1
"SLC4A2",1
"SRCAP",1
"AF150222",1
"CBR4",1
"RAPGEF4-AS1",1
"243202_at",1
"ALG10",1
"AF258585",1
"CSNK1G2",1
"CELA2B",1
"LOC101927513",1
"AF085900",1
"ATP5E",1
"LINC00441",1
"AK025363",1
"BF508789",1
"GGA1",1
"OSBPL7",1
"ZNF469",1
"ADAM22",1
"IL36G",1
"ADAM21",1
"ZSCAN25",1
"RAB32",1
"CHD6",1
"BIRC5",1
"KANSL1L",1
"AI476356",1
"ZNF2",1
"TMED4",1
"GCNT1",1
"AL137501",1
"OPLAH",1
"SLC41A1",1
"241175_at",1
"LOC101929441",1
"AJUBA",1
"ALDH3B1",1
"MIRLET7BHG",1
"MAPKAP1",1
"AI668592",1
"217537_x_at",1
"PRKCE",1
"MYO1E",1
"NRP2",1
"ATE1",1
"C14orf1",1
"AV649100",1
"CCDC178",1
"RIF1",1
"PVR",1
"TMEM104",1
"237615_at",1
"NFKBIB",1
"TMEM43",1
"LMNTD1",1
"THADA",1
"PAIP2",1
"LTC4S",1
"BE504098",1
"POLR3C",1
"AW298141",1
"MAST4",1
"NDE1",1
"MYH14",1
"LILRA2",1
"ABL1",1
"HSF4",1
"KCNN1",1
"FCN1",1
"API5",1
"LOC100507616",1
"PGLS",1
"RGL2",1
"AI740573",1
"FAM199X",1
"BF509210",1
"AA007276",1
"MKNK2",1
"LOC101926913",1
"SIVA1",1
"FBLL1",1
"1565597_at",1
"TEX264",1
"WTIP",1
"SOX4",1
"LOC283482",1
"ZCCHC3",1
"GINM1",1
"AI309438",1
"LOC101930489",1
"LGALS9",1
"KIF26A",1
"AK024604",1
"CCDC71L",1
"AV699637",1
"FBXO28",1
"AI867182",1
"MAPK4",1
"AL713632",1
"PTPRJ",1
"SIGLEC6",1
"LINC01607",1
"QKI",1
"BF196209",1
"AIP",1
"MIR924HG",1
"HPR",1
"FOXK1",1
"TXLNG",1
"AL042505",1
"LOC102725108",1
"SRRT",1
"CARMN",1
"MARS2",1
"MEFV",1
"GATA3-AS1",1
"LOC105378568",1
"FAXDC2",1
"BC019657",1
"TAS2R16",1
"BC036252",1
"ZSCAN30",1
"BG165613",1
"ITGB4",1
"ADPRM",1
"CEL",1
"PTCH1",1
"DHX37",1
"LINC01505",1
"NRXN1",1
"ATF4",1
"NCAPH",1
"NPAS2",1
"XRCC1",1
"D59900",1
"SETMAR",1
"IFT20",1
"TNFSF8",1
"AI906424",1
"OGFR",1
"COL22A1",1
"ATP13A1",1
"NFIA",1
"ESCO2",1
"PREB",1
"BE669479",1
"1555489_at",1
"GTPBP8",1
"CDK11A",1
"ECE1",1
"LOC101928937",1
"ERBB3",1
"HIST1H3E",1
"PTPRG",1
"OMA1",1
"NLRP13",1
"ASCL1",1
"GNAI2",1
"C12orf49",1
"ARHGAP31",1
"C2orf72",1
"IER3IP1",1
"PBX3",1
"YME1L1",1
"NMRK1",1
"TMEM63A",1
"BMP2",1
"KIAA1324L",1
"AI913928",1
"KIAA1217",1
"LOC101928817",1
"DYRK1A",1
"LOC100134317",1
"SMCR8",1
"MYLK",1
"LOC101060553",1
"MRPL12",1
"KCTD15",1
"TEX11",1
"ELOF1",1
"AF086093",1
"SREK1",1
"RABEP2",1
"GPER1",1
"1569569_x_at",1
"ZMYM2",1
"TIAF1",1
"PHRF1",1
"SEC24B-AS1",1
"ZNF836",1
"IRF7",1
"AL832681",1
"XPNPEP1",1
"PRELID2",1
"PRTG",1
"TRA2A",1
"LOC101928850",1
"SUPT20H",1
"LOC101060424",1
"SMIM24",1
"SNAPC2",1
"IL31RA",1
"C5orf22",1
"EPHA4",1
"TKFC",1
"FREM1",1
"RHD",1
"TRIM16L",1
"DNAJC3",1
"239076_at",1
"FAM181B",1
"CMIP",1
"NBPF1",1
"BI559349",1
"LDLRAD4-AS1",1
"SIX5",1
"CASP9",1
"PHEX-AS1",1
"241841_at",1
"MTAP",1
"GAREM2",1
"217708_x_at",1
"NPAS1",1
"CSK",1
"ATF5",1
"EPN2-IT1",1
"SPR",1
"SYNPO2L",1
"FGFR1",1
"RLIM",1
"AL157467",1
"AK025161",1
"216497_at",1
"BC037848",1
"AI733179",1
"AW009761",1
"RIC3",1
"FSTL4",1
"G6PC",1
"EP400NL",1
"AW452551",1
"FAM83A",1
"SEMA4F",1
"GANAB",1
"AW851069",1
"R11494",1
"ZNF768",1
"BC006530",1
"BC026007",1
"CLVS2",1
"COL4A3",1
"TNKS1BP1",1
"PAPD4",1
"RBMS2",1
"CAPS",1
"ZIC1",1
"GGT2",1
"AI932618",1
"CDH17",1
"SAXO1",1
"LOC102724870",1
"ADARB2-AS1",1
"RPS6KB2",1
"ASCC2",1
"OR2S2",1
"T90760",1
"IFNW1",1
"SPACA6",1
"AMBRA1",1
"GNB5",1
"MAP4",1
"N59650",1
"RNF170",1
"RNASEH2C",1
"OVAAL",1
"ZNF428",1
"GTPBP1",1
"SLC2A4RG",1
"GTDC1",1
"AL832272",1
"AW183782",1
"AW449270",1
"LINC00879",1
"TAL1",1
"AF289570",1
"RNF130",1
"LINC00308",1
"RASL10B",1
"RAE1",1
"TMUB1",1
"LOC101928280",1
"AI351179",1
"TAPBP",1
"FAM212B-AS1",1
"DEUP1",1
"DCAF5",1
"HRAT13",1
"1554951_at",1
"SLC3A2",1
"BRD4",1
"SEPN1",1
"PLEKHG2",1
"IL17RE",1
"PLEKHG5",1
"AW975060",1
"ZNF793",1
"GALNT10",1
"HOXA2",1
"SUFU",1
"KRTCAP2",1
"USP21",1
"NPY5R",1
"TRIM74",1
"LOC101927021",1
"LDB3",1
"COX7B2",1
"LINC00299",1
"AI939399",1
"DOCK1",1
"LOC101927137",1
"EFR3B",1
"MEF2C",1
"ALMS1-IT1",1
"TAAR3",1
"CXCR1",1
"LINC00315",1
"GSDMD",1
"ADAMTSL2",1
"TRPM3",1
"LOC100507520",1
"AI056599",1
"AI360832",1
"LYPD1",1
"LINC00689",1
"MS4A1",1
"M20919",1
"ZNF169",1
"ERICH3",1
"UCMA",1
"238947_at",1
"EPOR",1
"NPHS2",1
"MAS1L",1
"KLHL29",1
"RAB11B-AS1",1
"KRT73",1
"AL359594",1
"LOC101927210",1
"LOC403323",1
"IKBKB",1
"PCDHB17P",1
"GCH1",1
"DLEU7-AS1",1
"PPIB",1
"LOC101927534",1
"LMO2",1
"LOC286359",1
"SMG6",1
"LOC100507156",1
"ZNF43",1
"SIKE1",1
"222097_at",1
"DNAH2",1
"UBBP1",1
"CFLAR",1
"AI088707",1
"IFNA10",1
"RETNLB",1
"LOC101927516",1
"BF510937",1
"FAAP100",1
"DTWD2",1
"RAD51D",1
"MASP2",1
"BE502947",1
"242739_at",1
"FAM181A",1
"ND6",1
"USP40",1
"OR12D3",1
"AI740938",1
"LOC100996636",1
"AK000119",1
"DMWD",1
"QPRT",1
"AK021836",1
"ELMSAN1",1
"SEC31A",1
"EID3",1
"LINC01019",1
"C2orf68",1
"LOC285819",1
"KCNV1",1
"LRTM1",1
"UBBP2",1
"BCRP3",1
"SDF2L1",1
"CLC",1
"FAM129C",1
"RYR1",1
"LOC100507140",1
"NKIRAS2",1
"AI341230",1
"LOC221946",1
"TPM4",1
"CLDN18",1
"FLT3LG",1
"AFF3",1
"SLC36A1",1
"PDIA2",1
"SLC17A4",1
"LOC728099",1
"LOC101930115",1
"BC031957",1
"CLDN2",1
"ANHX",1
"HLX",1
"AU152753",1
"AKR1E2",1
"COG4",1
"SEPHS1",1
"PRR14",1
"REG1B",1
"GULP1",1
"AL109707",1
"ZNF174",1
"THRB",1
"LOC151760",1
"DCHS1",1
"BF514007",1
"AL832283",1
"CBX2",1
"BC033975",1
"242330_at",1
"RNF217",1
"BC034928",1
"KIR3DL1",1
"TPD52L2",1
"ARHGAP27",1
"CDH13",1
"IER5L",1
"NOVA2",1
"KMT2B",1
"DHRS13",1
"SRGAP2",1
"MAPKBP1",1
"DCP2",1
"PDE8A",1
"LOC101928333",1
"AHI1",1
"SRM",1
"LINS1",1
"DAD1",1
"AGBL5",1
"LOC101927933",1
"TDRD12",1
"BC042368",1
"STRAP",1
"CAPN13",1
"SVEP1",1
"MICALL2",1
"CALHM1",1
"PCDH7",1
"KCNJ15",1
"ZNF496",1
"AK025116",1
"PDK3",1
"PPFIA1",1
"SNX22",1
"KLF17",1
"ZNF227",1
"PTGS1",1
"POLH",1
"234954_at",1
"RABGAP1L",1
"BF447148",1
"PRRC2C",1
"VWA1",1
"JMJD6",1
"244212_at",1
"LOC105378419",1
"242126_at",1
"PHF19",1
"LOC102724352",1
"SP2",1
"DNAJC4",1
"TSPYL1",1
"BC015376",1
"AA176313",1
"AK026734",1
"SPATA6",1
"HIP1",1
"GTF2IRD2",1
"LOC101928343",1
"NMBR",1
"LOC101927420",1
"DBF4B",1
"SORBS1",1
"LINC00572",1
"AL833091",1
"MVB12B",1
"RGSL1",1
"LOC101929084",1
"ZNF709",1
"T88880",1
"BE674255",1
"LOC101927710",1
"UTRN",1
"ABCC11",1
"BU678407",1
"GNG4",1
"AU159465",1
"1564129_a_at",1
"KATNB1",1
"229607_at",1
"BCCIP",1
"PBX2",1
"AW873344",1
"LOC100996694",1
"MYO10",1
"FYCO1",1
"CHRNA10",1
"AK7",1
"FITM2",1
"AA129909",1
"AA706749",1
"LOC101928222",1
"NUP88",1
"ATG13",1
"AA206363",1
"DFFA",1
"METTL15",1
"LOC101929660",1
"ZNF843",1
"ZBP1",1
"1555176_at",1
"PSG6",1
"BM728509",1
"FSCN2",1
"NACC1",1
"PAQR3",1
"ENGASE",1
"B3GALT6",1
"BC041340",1
"LINC00842",1
"LOC101928288",1
"LZTS2",1
"RPL15",1
"CA5B",1
"ZNF462",1
"S100A7",1
"DOK3",1
"MUTYH",1
"CXXC1P1",1
"CHST11",1
"HNRNPM",1
"ALS2CR12",1
"228016_s_at",1
"OR2B3",1
"BC035773",1
"VN1R5",1
"UBTD1",1
"AA459271",1
"APRT",1
"TSPOAP1",1
"BG010493",1
"ZDHHC18",1
"BC015237",1
"PROC",1
"KCNN3",1
"EPS15L1",1
"SMG7",1
"SIDT2",1
"DCXR",1
"GSG1L",1
"ZNF85",1
"242526_at",1
"GRIN2A",1
"BC036859",1
"AOC2",1
"SEPT5-GP1BB",1
"SLCO1B3",1
"EIF5B",1
"LOC101928269",1
"PPP3CC",1
"LOC729173",1
"AK022258",1
"FLOT1",1
"CA12",1
"RFX5",1
"MITF",1
"CASC17",1
"RBM15",1
"PPP1R16A",1
"SEC23A",1
"PHACTR4",1
"DDR2",1
"OR1J2",1
"ZNF850",1
"AK056734",1
"AL691530",1
"LOC400541",1
"AK000787",1
"HABP2",1
"ADAM9",1
"TPM1",1
"GRK5",1
"RNF5",1
"SGTA",1
"HOXB7",1
"LOC101929897",1
"LOC644794",1
"ADAMTS9-AS2",1
"SLC35F3",1
"NADSYN1",1
"PMCH",1
"LOC100506411",1
"CARS2",1
"PGAM2",1
"COA1",1
"LINC00927",1
"FUT10",1
"LOC202181",1
"MIR6872",1
"SYT15",1
"SIGLEC17P",1
"INHBB",1
"ACTN2",1
"MMP14",1
"BC036644",1
"AJ278917",1
"PLXNB1",1
"VASH2",1
"AI081227",1
"LTB",1
"LSM2",1
"TRY2P",1
"PLEKHB1",1
"TTC23L",1
"AK000257",1
"LOC105371038",1
"LRP3",1
"AA806776",1
"KLHL9",1
"SYS1",1
"CBL",1
"236303_at",1
"IGFL1",1
"SCAMP2",1
"TNNI2",1
"BRD3",1
"KDM1B",1
"PNN",1
"LOC148709",1
"ZW10",1
"KATNA1",1
"WDR20",1
"CUX1",1
"ARMC10",1
"REL",1
"ZCCHC24",1
"ZCRB1",1
"SHANK1",1
"OCRL",1
"AW406163",1
"PTPN6",1
"MEX3C",1
"233128_at",1
"FOXN3",1
"LINC00964",1
"ZNF853",1
"CNST",1
"LOC101929681",1
"C15orf41",1
"ITIH4",1
"SMARCC1",1
"TUBGCP6",1
"BF508868",1
"GGH",1
"ANAPC16",1
"AI349737",1
"LINC00664",1
"CBY1",1
"ELF2",1
"HAND1",1
"243319_at",1
"SERPINB7",1
"FABP7",1
"RANBP17",1
"ALKBH7",1
"SKI",1
"AI079543",1
"VEZF1",1
"PLEK2",1
"LOC285593",1
"RSBN1",1
"RSPH10B2",1
"LINC00523",1
"NR2C2",1
"1553498_at",1
"AK026465",1
"PDLIM3",1
"GPRC5D",1
"SEC22C",1
"LOC100506351",1
"CYSLTR2",1
"TAT",1
"UCK1",1
"TEK",1
"LOC101927339",1
"SLC25A40",1
"CPB1",1
"TMEM256-PLSCR3",1
"AK024564",1
"GRK6",1
"PAGR1",1
"LOC101929268",1
"HUS1B",1
"STAT3",1
"SEC61A1",1
"EZH1",1
"AK026401",1
"LOC101930343",1
"TNRC6C",1
"SLC25A21-AS1",1
"X91103",1
"BRWD1",1
"MED28",1
"AA034209",1
"BC020913",1
"GABRA4",1
"LOC100289518",1
"ACSM1",1
"AW236797",1
"ISG20",1
"230842_at",1
"LOC401442",1
"MCAM",1
"SPEF1",1
"BC041853",1
"1569959_at",1
"PAOX",1
"DHODH",1
"RHOQ",1
"IGK",1
"LOC401463",1
"WDR45",1
"CMTM3",1
"SNHG4",1
"ADGRG1",1
"NAT14",1
"MCM7",1
"EDAR",1
"BCAR1",1
"CAMK2D",1
"GRK2",1
"C11orf72",1
"KDM6B",1
"LRIG1",1
"AL365407",1
"TSHB",1
"AW303454",1
"MUS81",1
"AI827550",1
"ZNF598",1
"OST4",1
"LOC150776",1
"NXF1",1
"AV719626",1
"RANBP2",1
"LOC100996286",1
"KRTAP9-8",1
"REXO2",1
"CCNB1",1
"ADAM3B",1
"GALNT12",1
"HNRNPF",1
"LIME1",1
"ODF4",1
"ATP2A1-AS1",1
"WNK3",1
"AU147421",1
"BC013111",1
"UGT1A1",1
"TAAR2",1
"FAM188A",1
"WFDC12",1
"TMBIM4",1
"GSTK1",1
"AK021988",1
"FBN2",1
"GAS2L1",1
"LOC101927079",1
"LOC100505841",1
"BG236273",1
"AL080215",1
"PBRM1",1
"AF023203",1
"PLEKHO1",1
"CLIP1-AS1",1
"FAM71A",1
"NIPBL",1
"NAGLU",1
"MATR3",1
"NAV1",1
"NR2F2",1
"BC034299",1
"BF032023",1
"217170_at",1
"RBM5",1
"DTX2P1-UPK3BP1-PMS2P11",1
"AA779991",1
"AW405975",1
"DDX23",1
"WDR90",1
"PSG9",1
"CSF2RA",1
"AL832727",1
"IGHV4-31",1
"FAM53A",1
"LOC100506860",1
"APOH",1
"VDAC3",1
"ELP4",1
"CHERP",1
"ANKRD11",1
"ZNF341",1
"EFNA4",1
"SENP2",1
"SOX13",1
"BU856247",1
"HILS1",1
"LOC728175",1
"ARMC6",1
"DHRS7",1
"IGHM",1
"CKLF",1
"CCNA2",1
"BE535717",1
"EFCAB14",1
"RTP1",1
"FAM126B",1
"CCDC22",1
"LOC100130078",1
"KRT76",1
"LOC101929583",1
"SLC2A11",1
"AI808330",1
"DSCR10",1
"LRIG2",1
"ZNHIT2",1
"CCDC102A",1
"AK024242",1
"D2HGDH",1
"LOC728613",1
"LINC01315",1
"AF086265",1
"LOC401312",1
"LOC643201",1
"FAM30A",1
"METTL9",1
"MYEF2",1
"NME1-NME2",1
"STRN4",1
"CDK15",1
"BUB1",1
"ATN1",1
"RHCG",1
"TLX2",1
"TOP1MT",1
"RFXAP",1
"SNX14",1
"DCAF4",1
"FAM71E2",1
"LOC100506098",1
"A2MP1",1
"CSPG4",1
"AATF",1
"TBL1X",1
"HSPA14",1
"SLC6A2",1
"SNX1",1
"AK091506",1
"ZNF22",1
"LOC283045",1
"TMEM189-UBE2V1",1
"AK022331",1
"KLHL36",1
"AGAP3",1
"CD1B",1
"THOC6",1
"LOC728805",1
"MGAT5B",1
"C9orf3",1
"CALCA",1
"AI939584",1
"LINC00847",1
"BF752351",1
"MIR1282",1
"IL21",1
"PLXNB2",1
"LOC729506",1
"LINC00320",1
"TMEM165",1
"MRPL41",1
"SNTB2",1
"GPC3",1
"ST6GALNAC6",1
"AK092317",1
"ZNF713",1
"BTN1A1",1
"GRAPL",1
"FMO6P",1
"LOC101930568",1
"LINC00926",1
"BF062156",1
"ZNF491",1
"SMIM4",1
"USP43",1
"KRT6B",1
"MIR6866",1
"LOC105376689",1
"AA426056",1
"AK024236",1
"BC032024",1
"DHX30",1
"MUCL1",1
"VPS37C",1
"240103_at",1
"RELA",1
"UBL4B",1
"MPHOSPH8",1
"RMI2",1
"AA678006",1
"243587_x_at",1
"SH3GL1",1
"HIST1H3F",1
"LOC100271832",1
"241333_x_at",1
"MCRIP2",1
"DARS",1
"BEND7",1
"KDELR2",1
"NDST1",1
"LOC101927610",1
"CPA4",1
"LOC101927841",1
"LOC100289283",1
"UFC1",1
"ARL6IP6",1
"CECR3",1
"RBM10",1
"ITGB5",1
"AK027253",1
"BC022058",1
"NLRP8",1
"AF116696",1
"TP53I11",1
"TCEB3B",1
"FAM205C",1
"MARK3",1
"AA913703",1
"217580_x_at",1
"POM121L8P",1
"ZNF789",1
"SAA3P",1
"MPST",1
"NR2F6",1
"FLJ40288",1
"SMARCA4",1
"TSSK6",1
"KDM4B",1
"LOC101928525",1
"SNX20",1
"LOC100128288",1
"PARL",1
"THRAP3",1
"GATA2",1
"TTTY4C",1
"AI805550",1
"PITHD1",1
"GLTP",1
"SESN3",1
"NMRAL1P1",1
"TCF3",1
"216824_at",1
"B4GALNT4",1
"ZSCAN20",1
"TM9SF1",1
"AU147253",1
"LOC254896",1
"SLC35F2",1
"AA402483",1
"FMO5",1
"TRIM32",1
"TMEM72-AS1",1
"MYO1D",1
"EZR",1
"RBCK1",1
"ANKRD37",1
"DUSP15",1
"ZNF764",1
"DOCK5",1
"GPRC5A",1
"GPSM1",1
"MGST3",1
"WDR3",1
"KRI1",1
"SLC46A1",1
"NMUR2",1
"UBIAD1",1
"BTNL2",1
"PDE4D",1
"AI991943",1
"AL050122",1
"BE219104",1
"TEX26-AS1",1
"ESD",1
"PTRH1",1
"KMT5A",1
"PDK1",1
"LOC100505904",1
"YIPF2",1
"ERGIC1",1
"TONSL",1
"ERP44",1
"C10orf55",1
"MIER2",1
"AI821782",1
"CDC42",1
"MRGPRG-AS1",1
"FAM20C",1
"ZACN",1
"ATXN7L2",1
"CANT1",1
"TAS2R41",1
"PDLIM4",1
"CDH24",1
"234955_at",1
"CYP2J2",1
"ABHD16B",1
"FAAP20",1
"NDUFC2-KCTD14",1
"COL16A1",1
"BF061333",1
"AL050063",1
"MEGF11",1
"MAD2L1",1
"AL832295",1
"EVX1",1
"TGFB1",1
"SUSD3",1
"BC043418",1
"AW015517",1
"FCRL5",1
"AQP12B",1
"PCYOX1L",1
"IKZF1",1
"EYA3",1
"KLF16",1
"AK025072",1
"SDK2",1
"LOC101930262",1
"NECTIN2",1
"APOA2",1
"227661_at",1
"OR51E1",1
"AK097428",1
"LENG1",1
"NBEAL2",1
"AI801975",1
"ZNF10",1
"OGG1",1
"BC039180",1
"MFSD12",1
"MIAT",1
"AA911734",1
"AI681868",1
"HIGD2A",1
"TADA3",1
"CDC42SE1",1
"ITGB1",1
"AI792565",1
"RFFL",1
"BF110113",1
"SLC4A8",1
"KCNU1",1
"NOP9",1
"KMT2E-AS1",1
"ANGPTL3",1
"FASN",1
"239603_x_at",1
"ZSCAN9",1
"ALOX12",1
"AW977497",1
"OR5L2",1
"AASDHPPT",1
"PCP2",1
"OR1F1",1
"LRRC27",1
"PRLH",1
"SLC25A1",1
"OCA2",1
"OSER1-AS1",1
"ZNF385A",1
"LUZP4",1
"LOC100507353",1
"DNAI1",1
"BE504201",1
"STOML3",1
"KIFC3",1
"CTBP2",1
"ACVR2A",1
"SPIRE2",1
"TRIML2",1
"TCEANC",1
"SRRM4",1
"USP45",1
"PNPLA3",1
"LOC339298",1
"1557521_a_at",1
"APBB1IP",1
"CFAP157",1
"AI078248",1
"CPNE2",1
"CECR9",1
"AW969703",1
"TTBK2",1
"OGFOD3",1
"IL17RC",1
"LINC01547",1
"PICALM",1
"Igk",1
"BE884916",1
"TEX261",1
"N50406",1
"TMCC3",1
"GGT1",1
"NEGR1",1
"RYK",1
"BAIAP2L2",1
"MAPKAPK2",1
"PGPEP1",1
"BC015844",1
"TCF20",1
"BRD2",1
"XPR1",1
"ANKRD13B",1
"GYPB",1
"BC040600",1
"AW296286",1
"ZNF788",1
"FANCI",1
"CAMK2B",1
"R37396",1
"LOC100506446",1
"MTHFR",1
"PLXND1",1
"GGA2",1
"MICALL1",1
"VPS37B",1
"AW269743",1
"HACD1",1
"LOC643355",1
"ZNF512",1
"LRFN5",1
"MGARP",1
"LINC00314",1
"RGS5",1
"MIR217",1
"chr2:128825374-128825473",1
"CDSN",1
"ZNF729",1
"RBMY1J",1
"chrY:28393534-28393666",1
"chrY:25569248-25569380",1
"CDY1B",1
"ACTR3BP2",1
"chr7:57236364-57236431",1
"TSPY10",1
"BPY2C",1
"chr2:95512279-95512384",1
"chr9:43122800-43122905",1
"HSFY2",1
"chr2:11374114-11374220",1
"chr8:104103349-104103416",1
"PDC",1
"chr4:39400769-39400868",1
"chrY:24804024-24804826",1
"chrY:28278453-28279255",1
"chrY:25683655-25684457",1
"chr1:112913626-112913728",1
"chr2:150467182-150467288",1
"PRY2",1
"OR8H3",1
"OR2M3",1
"AMELY",1
"SLC26A7",1
"chr2:153140866-153140974",1
"XKRY2",1
"chr2:55683242-55683338",1
"DEFB107B",1
"chr13:73801284-73801395",1
"chr14:58827387-58827464",1
"chr13:78197507-78197605",1
"chr17:16595111-16595220",1
"ANKRD20A8P",1
"chr3:101334671-101334771",1
"ADAM3A",1
"chr14:78287375-78287485",1
"chr10:112402436-112402543",1
"chr5:161227316-161227452",1
"chr8:73931186-73931283",1
"ZNF735",1
"chr8:32663407-32663473",1
"chr6:128934346-128934450",1
"ZNF674",1
"chr10:32683488-32683593",1
"CFHR4",1
"NXPE1",1
"chr17:20226313-20226422",1
"TAS2R7",1
"chr2:9755396-9755500",1
"chr13:33337578-33337690",1
"SNTN",1
"chr21:14993898-14994004",1
"chr2:234288491-234288601",1
"chr7:100913218-100913322",1
"chr8:32872646-32872708",1
"chr1:120669562-120669662",1
"chr1:145149740-145149840",1
"chr14:66644247-66644352",1
"chr6:26698284-26698340",1
"ADAD1",1
"chr3:182328683-182329057",1
"chr19:57433718-57433788",1
"chr10:29049632-29049732",1
"chr4:45482046-45482156",1
"SLC17A3",1
"chr19:56827895-56828005",1
"chr8:68497633-68497703",1
"chr3:100671471-100671577",1
"OMG",1
"chr21:43837636-43837702",1
"chr14:84640021-84640079",1
"chr3:110445868-110445966",1
"chr21:23577511-23577651",1
"P2RY14",1
"chr4:169231843-169231943",1
"chr3:101347157-101347248",1
"chr2:131029984-131030051",1
"TTTY8B",1
"chr11:48387037-48388116",1
"SPEF2",1
"UBE2M",1
"chr7:127288802-127288877",1
"UQCRH",1
"chr4:159985451-159985550",1
"chr2:202077811-202077881",1
"LOC400576",1
"chr7:141503357-141503428",1
"TTTY7B",1
"chr2:148229703-148229811",1
"chr7:128804690-128804800",1
"chr11:128900354-128900465",1
"chr8:48043404-48043510",1
"chr2:131035541-131035608",1
"chr2:132137657-132137724",1
"chr7:94124611-94124712",1
"OR13C3",1
"TTTY2B",1
"chr2:55678139-55678229",1
"chr2:20375566-20375670",1
"chr2:143854128-143854198",1
"chr2:120970443-120970510",1
"chr7:55799837-55800124",1
"IPCEF1",1
"SLC9B1",1
"chr6:100090115-100090223",1
"OR6C3",1
"chr14:84640080-84640144",1
"KRTAP27-1",1
"chr13:95303651-95303765",1
"SNAPC5",1
"GLYATL1",1
"chr2:37662657-37662749",1
"chrX:18414115-18414215",1
"MRPS12",1
"chr11:81265078-81265148",1
"LOC100131508",1
"chr2:18764633-18764732",1
"chr1:64494566-64494672",1
"chr12:112506908-112507011",1
"chr3:180454193-180454491",1
"chrY:7209572-7209681",1
"chr5:72064529-72064636",1
"UGT2A3",1
"chr11:114397851-114397953",1
"chr1:159248834-159249756",1
"chr4:140121549-140121665",1
"chr7:101965494-101965608",1
"GAFA1",1
"chr6:71892315-71892421",1
"chr5:122846132-122846231",1
"chr7:92600317-92600610",1
"BORCS6",1
"chrX:5087481-5087548",1
"chr6:29068386-29069658",1
"OR4A15",1
"chr10:75061539-75061642",1
"RFTN1",1
"OR5B17",1
"chr2:206890317-206890419",1
"SUZ12P1",1
"chr6:68335249-68335355",1
"chr11:113730067-113730171",1
"chr20:55936039-55936110",1
"OR2T5",1
"OR6C4",1
"CISH",1
"TRIM40",1
"DEFB128",1
"chr15:40426763-40426833",1
"chr2:69894491-69894593",1
"SLCO4C1",1
"C19orf52",1
"LOC101929773",1
"AF130112",1
"chr5:64419196-64419299",1
"chr2:132360363-132360468",1
"chr2:131255317-131255422",1
"chr20:36681049-36681148",1
"chr7:89383934-89384040",1
"chr15:40426834-40426890",1
"chr14:51720652-51720741",1
"OR52A1",1
"chr7:94727539-94727679",1
"OR2M7",1
"chr2:140981720-140981791",1
"chr6:121675500-121675603",1
"chrY:20487252-20487866",1
"chrY:19691907-19692521",1
"MAB21L1",1
"chr7:115473328-115473427",1
"chr7:141503288-141503355",1
"ADAM2",1
"chr11:4777876-4778028",1
"OR14A16",1
"chr22:16276399-16276504",1
"chr11:81265019-81265077",1
"chr7:95970452-95970558",1
"chr3:191359114-191359213",1
"TDRD1",1
"chr6:151936908-151937014",1
"ANKRD61",1
"chr1:12590392-12590475",1
"CD2BP2",1
"chr7:142374035-142374099",1
"chr2:202077882-202077940",1
"TRAPPC3L",1
"AK098573",1
"chr6:134416055-134416148",1
"LNPEP",1
"chr11:129165153-129165374",1
"chr3:141773745-141774236",1
"chr11:4910829-4911826",1
"chr14:20470322-20471322",1
"ATG101",1
"chr3:40011615-40011757",1
"chr6:92436754-92436815",1
"NXPE2",1
"chr1:235703146-235703212",1
"chr11:85805234-85805335",1
"chr16:3420908-3420981",1
"C7",1
"chr6:82473741-82473873",1
"IAPP",1
"ANKRD33",1
"chr9:97270019-97270126",1
"LOC644669",1
"chr4:122113952-122114058",1
"chr2:238432154-238432220",1
"KDM6A",1
"XKR8",1
"chr6:76802551-76802657",1
"chr1:147917467-147920821",1
"chr11:16598399-16598627",1
"KMO",1
"chr2:140974987-140975050",1
"OR8H2",1
"chr4:27224944-27225049",1
"WDR44",1
"CRIP2",1
"TRDN",1
"chr10:61841499-61841610",1
"PARVA",1
"C8orf59",1
"ARL2-SNX15",1
"chr14:50368563-50368668",1
"chr4:78071481-78071580",1
"chr1:94399746-94399813",1
"chr2:115177702-115177881",1
"chr19:56616785-56616877",1
"chr9:105018886-105018992",1
"ANKRD20A21P",1
"chr20:5326702-5326772",1
"FLJ37201",1
"SPATA5L1",1
"chr16:19023479-19023585",1
"chr17:20797846-20797952",1
"PEAK1",1
"chr10:26108291-26108355",1
"APOBEC4",1
"OR5B12",1
"chrX:138784448-138784549",1
"ACOT4",1
"GLS",1
"PLCZ1",1
"chr2:77895593-77895663",1
"TSHR",1
"chr7:57234682-57234745",1
"chr2:148253004-148253108",1
"PTPN18",1
"chr16:24344736-24344868",1
"chr2:79109575-79109678",1
"chr11:101929037-101929139",1
"chr12:100795923-100796028",1
"chr6:106752051-106752161",1
"THEMIS",1
"OR8B3",1
"chr15:102223718-102223808",1
"NUDT9P1",1
"chr12:131354281-131354382",1
"chr6:22691313-22691455",1
"CDH19",1
"chr3:1107264-1107559",1
"chr1:181392044-181392114",1
"AF130057",1
"chrX:16930340-16930440",1
"chr16:27874572-27874675",1
"chr2:120972636-120972694",1
"ZNF705B",1
"chr2:156168003-156168061",1
"chr16:70479198-70479302",1
"chr18:23398198-23398496",1
"chr5:98272344-98272451",1
"chr12:94754999-94755302",1
"TDRD3",1
"chr1:52004301-52004401",1
"LINC00474",1
"SMIM21",1
"OR52E4",1
"ACSS3",1
"SERINC5",1
"OR6X1",1
"TMPRSS11E",1
"chr8:9144984-9145088",1
"chr15:45219798-45219901",1
"chr1:238105862-238105933",1
"ERVK3-2",1
"CADPS",1
"chr2:178003442-178003531",1
"ZNF510",1
"RBM38",1
"chr14:38297003-38297106",1
"chr14:68616335-68616625",1
"chr2:115695291-115695395",1
"MIR429",1
"chr4:156383818-156383886",1
"chrY:18360819-18360921",1
"chrY:18448163-18448265",1
"chr13:92712096-92712226",1
"chr8:126913194-126913298",1
"DSC1",1
"chr11:73543403-73543735",1
"OR4C13",1
"GPRC6A",1
"LPEQ6126",1
"chr7:57261910-57261980",1
"KEAP1",1
"CDH9",1
"chr9:42338591-42338869",1
"chr6:129019783-129019870",1
"chr10:34490909-34491002",1
"chr18:12098426-12098531",1
"chr15:54056401-54056505",1
"chr9:118496671-118496865",1
"OR6Y1",1
"chr3:170559886-170559961",1
"chr5:180336838-180336924",1
"OPN1LW",1
"UGT2B10",1
"OR2B2",1
"KIAA2012",1
"TTTY13",1
"SLC22A10",1
"chr8:118176268-118176493",1
"ADH1B",1
"RNASE9",1
"SNORD115-48",1
"chr6:25192641-25192714",1
"chr21:37438843-37438946",1
"chr16:10815352-10815422",1
"chr8:8916073-8916140",1
"STX19",1
"PDRG1",1
"chr1:150995226-150995328",1
"DUSP18",1
"OR4A47",1
"chr4:6872264-6872553",1
"chr2:90007869-90008160",1
"SOWAHA",1
"FAM122C",1
"chr14:32131265-32131349",1
"PPIAL4C",1
"chr8:60049931-60050060",1
"chr5:126043859-126043932",1
"chr2:125438501-125438570",1
"chr5:96298362-96298461",1
"WFDC6",1
"AVIL",1
"chr13:73455249-73455352",1
"chr14:84639099-84639174",1
"TAS2R39",1
"ABCA12",1
"GSTA5",1
"chr4:12314238-12314314",1
"PAM",1
"MYH8",1
"AK096715",1
"chr5:158745049-158745176",1
"chr1:173629237-173629339",1
"TGIF1",1
"C1QTNF1",1
"chrY:7291096-7291199",1
"chr14:58304162-58304376",1
"chr4:154188063-154188162",1
"chr13:27976615-27976724",1
"ANXA10",1
"HINFP",1
"chr2:118773958-118774245",1
"chr16:47346939-47347032",1
"GLYAT",1
"CALB1",1
"BTLA",1
"chr10:99057051-99057314",1
"UGT2B28",1
"ZBTB49",1
"AMY2B",1
"CDC20B",1
"chr12:17863868-17863978",1
"KCNA5",1
"chr3:25066498-25066617",1
"DSG1",1
"ARAFP2",1
"chrX:135990435-135992459",1
"CCDC124",1
"chr11:72580588-72580695",1
"OR7E19P",1
"EIF4ENIF1",1
"chr12:83415668-83415769",1
"LOC100130264",1
"AF130061",1
"FAM223A",1
"chr2:202415017-202415065",1
"chr19:52172658-52172759",1
"AF370400",1
"chr6:20452604-20452704",1
"chr7:37474718-37474817",1
"chr9:83179797-83179865",1
"BEST1",1
"OR52N4",1
"SLC22A24",1
"ZNF479",1
"OR8K5",1
"chr16:50132175-50132267",1
"chr4:190630645-190630868",1
"DEFB114",1
"chr3:175457059-175457162",1
"chr7:57255303-57255376",1
"KCTD6",1
"SRY",1
"COQ4",1
"ZNF679",1
"chrY:8780007-8780139",1
"chr8:52458866-52458953",1
"OR1L1",1
"LEMD1",1
"PAPPA2",1
"chr11:76115186-76115296",1
"AMBN",1
"ACOT8",1
"SIL1",1
"chrX:51306112-51306183",1
"CHRM2",1
"UNC13C",1
"TMEM81",1
"LOC100128922",1
"OR6C74",1
"chr4:117218899-117218969",1
"F11",1
"SPATA16",1
"DYNAP",1
"chr6:166513341-166513412",1
"DDIT4",1
"TGIF2LY",1
"CEBPG",1
"OR10X1",1
"chr17:79540516-79540626",1
"SCARB1",1
"chr9:117377737-117377848",1
"chr7:152099865-152099976",1
"chr12:38668252-38668351",1
"chr9:119959397-119959718",1
"chr7:57261850-57261909",1
"chr1:63652005-63652095",1
"chr7:138100225-138100317",1
"TREML2",1
"chr8:32769011-32769094",1
"SUPT20HL1",1
"chr6:141807310-141807549",1
"AWAT2",1
"chr7:77525197-77525307",1
"chr1:51572894-51573001",1
"chr2:223269702-223269812",1
"chr15:40426892-40426961",1
"CDHR3",1
"LRCH3",1
"ADAM29",1
"chr1:235703213-235703271",1
"MS4A3",1
"chr7:57259638-57259703",1
"chr1:181391985-181392043",1
"ANKRD30A",1
"chr11:55623473-55624000",1
"chr5:31595672-31595776",1
"chr10:36723484-36723542",1
"SLC15A5",1
"KERA",1
"FAM74A6",1
"chrY:6206809-6206934",1
"chrY:9673457-9673582",1
"TAS2R10",1
"PPIH",1
"chrY:8233271-8233334",1
"chr14:29945990-29946112",1
"CSN1S2AP",1
"chr20:5945184-5945294",1
"chr22:31701390-31701479",1
"NLRP11",1
"chr4:140021531-140021812",1
"chr1:9497767-9497837",1
"OR2D3",1
"GYPA",1
"KRTAP26-1",1
"MYH15",1
"UGT2B4",1
"chr3:166528945-166529376",1
"chr7:63568112-63568182",1
"CXorf23",1
"OR5AS1",1
"ZNF503-AS2",1
"OR51A2",1
"chr10:36723413-36723483",1
"chr1:12137938-12138041",1
"chr3:89637787-89637859",1
"chr6:112797928-112798028",1
"AXIN1",1
"chr3:196120581-196120683",1
"AK022609",1
"MAN1C1",1
"chr7:7946146-7946255",1
"chr4:88333380-88333458",1
"chr7:136972434-136972509",1
"COL25A1",1
"chr13:106807750-106807839",1
"chr19:29421910-29422011",1
"chr1:96691457-96691617",1
"chr2:114164157-114164465",1
"STX6",1
"PTPRT",1
"chr9:138150512-138151275",1
"C7orf66",1
"HFM1",1
"NFS1",1
"chr5:55421531-55421596",1
"TRIM51",1
"NRK",1
"MBTPS2",1
"S100Z",1
"GFRA1",1
"SLX1B-SULT1A4",1
"JMY",1
"MPZL2",1
"ESM1",1
"HSD17B10",1
"LOC101927826",1
"AW293456",1
"TNFAIP8",1
"C1orf52",1
"CHD2",1
"AF289551",1
"TEAD2",1
"CCNL1",1
"PLCL2",1
"TRAT1",1
"CPEB1",1
"EPT1",1
"NAV2",1
"LOC102467079",1
"PLK4",1
"TTLL5",1
"CACNA1I",1
"N74058",1
"MIR133A1HG",1
"KLHL18",1
"ISPD-AS1",1
"DOPEY1",1
"FANCC",1
"MRVI1",1
"FAM207A",1
"ELMO2",1
"ZBTB44",1
"1565978_a_at",1
"PLAC8L1",1
"AI743120",1
"HOXA11-AS",1
"IRGQ",1
"AF003737",1
"TOP3A",1
"ABCB9",1
"LOC375196",1
"DAPP1",1
"PVRIG",1
"SIGLEC15",1
"C1orf167",1
"AOX1",1
"ABT1",1
"FAN1",1
"SMPD1",1
"AL713719",1
"NRIP3",1
"MREG",1
"ARIH2",1
"SNX19",1
"H18856",1
"C1QTNF5",1
"LOC105377832",1
"APOL6",1
"NPM3",1
"LOC101930303",1
"LAMA4",1
"NOC2L",1
"AF458587",1
"AI198212",1
"CPS1",1
"TCOF1",1
"LOC100420758",1
"EREG",1
"TMEM185B",1
"221120_at",1
"NMNAT1",1
"HS6ST2",1
"DKK1",1
"TRAC",1
"TAPT1",1
"UBA1",1
"AW274946",1
"PBXIP1",1
"PPP2R5B",1
"ASRGL1",1
"BC034707",1
"N71463",1
"SRSF3",1
"PGGT1B",1
"C16orf52",1
"ZMYM3",1
"ATP6V0A2",1
"FXN",1
"AW051712",1
"NAALADL1",1
"MRO",1
"AI040743",1
"KLF13",1
"SUB1",1
"AB051444",1
"PDE6B",1
"TMC8",1
"BDH1",1
"AI092013",1
"ASXL2",1
"RRAGB",1
"207470_at",1
"BCKDHB",1
"C12orf66",1
"TRRAP",1
"F7",1
"NFATC1",1
"CDK12",1
"TRAK1",1
"METTL7A",1
"TMPRSS15",1
"IFRD1",1
"PPIF",1
"MTSS1",1
"LOC101927839",1
"ZNF611",1
"AI871356",1
"PITPNC1",1
"BE465103",1
"SLC9B2",1
"LCA5",1
"EDIL3",1
"LINC01049",1
"KMT2A",1
"MED1",1
"ZNF276",1
"BTD",1
"AW675572",1
"AL833645",1
"AV703843",1
"208045_at",1
"LINC01197",1
"ZNF77",1
"SFTPC",1
"CHRNB3",1
"EDNRA",1
"221929_at",1
"FAM208B",1
"LOC101928818",1
"R59869",1
"EXOC3",1
"BE676171",1
"C4orf32",1
"BG745857",1
"CNTNAP2",1
"LOC100505622",1
"SLC39A8",1
"BE549690",1
"GIGYF2",1
"FBXO42",1
"GRIA2",1
"AK027178",1
"RANBP9",1
"TTLL9",1
"AF143878",1
"BC039685",1
"ABCC4",1
"GOLGA6D",1
"ZNF678",1
"SRRM3",1
"EPRS",1
"LGI3",1
"BE465396",1
"BC038780",1
"HAS1",1
"RMND5A",1
"217038_at",1
"USP29",1
"GOPC",1
"TMEM232",1
"SEPSECS-AS1",1
"TSEN54",1
"TMPPE",1
"C19orf44",1
"ART3",1
"HP1BP3",1
"OGT",1
"MON2",1
"CCDC82",1
"AA001543",1
"BC028913",1
"ACD",1
"LINC01527",1
"URGCP",1
"AI669495",1
"TNFAIP6",1
"CAT",1
"PYGO2",1
"ANKRD20A5P",1
"ACE2",1
"PCMTD2",1
"244312_at",1
"AW291120",1
"RGR",1
"SLC9A7",1
"STC1",1
"SLC19A3",1
"LOC339988",1
"PRKAB2",1
"234381_at",1
"SF3B3",1
"PECAM1",1
"AK025716",1
"ABCF3",1
"PPP2R3B",1
"C20606",1
"CCDC144CP",1
"LOC101928954",1
"244637_at",1
"FGF7",1
"ACKR4",1
"CBLN1",1
"FBXL13",1
"ABCC6P1",1
"F13B",1
"ZDHHC3",1
"SPAG5",1
"DAGLB",1
"AU144382",1
"BC006262",1
"TJAP1",1
"SPRTN",1
"AL137307",1
"ORC3",1
"GLS2",1
"RBM33",1
"RSPO3",1
"NCAPH2",1
"CASC4",1
"SYNPO2",1
"ANKFN1",1
"FGGY",1
"RICTOR",1
"CREB1",1
"SACS-AS1",1
"ELP3",1
"ABCB7",1
"ZMYM6",1
"P2RX2",1
"OAS1",1
"NCKAP1L",1
"ASMTL-AS1",1
"242509_at",1
"DENND6B",1
"HAPLN2",1
"KCNG1",1
"RALGAPA1",1
"TMC5",1
"LOC100130992",1
"FRMD8P1",1
"XYLB",1
"SP100",1
"PHC3",1
"TRAFD1",1
"TMEM182",1
"MYCN",1
"AV742010",1
"AK021423",1
"BG428861",1
"MIS18BP1",1
"TRIM13",1
"PRLR",1
"AW511032",1
"BCL2L11",1
"BC036519",1
"TBXAS1",1
"OR7E24",1
"DUSP16",1
"VN1R1",1
"ANKRD16",1
"AL043897",1
"TRMT61A",1
"SEL1L",1
"MMAA",1
"SAP25",1
"KLHL31",1
"RNF144A-AS1",1
"IFNA6",1
"LOC100996919",1
"CYTH2",1
"AA706753",1
"LINC00460",1
"SIPA1L2",1
"CHST2",1
"SLC2A1-AS1",1
"SLC35D2",1
"BORCS8",1
"DAB2IP",1
"ZRANB3",1
"TRNAU1AP",1
"FKBP4",1
"239423_at",1
"CASC2",1
"AKT2",1
"MIB1",1
"LOC101928370",1
"BICD1",1
"LOC646482",1
"BU740192",1
"LOC101929050",1
"SERP2",1
"LOC101929740",1
"ZNF79",1
"XRCC4",1
"MR1",1
"239702_x_at",1
"CPSF1",1
"FAM126A",1
"TRIM33",1
"PCDH9",1
"CSMD1",1
"244813_at",1
"CYP24A1",1
"NT5DC4",1
"AU144090",1
"GPX8",1
"NUTM2B-AS1",1
"AW513672",1
"C14orf105",1
"FAM198A",1
"NAAA",1
"VPS13C",1
"ITGBL1",1
"AVL9",1
"CIAPIN1",1
"AA772075",1
"TRMT10C",1
"HS6ST3",1
"PSMG4",1
"TIMM22",1
"AL117601",1
"RIOK2",1
"SLC45A4",1
"C5orf34",1
"EARS2",1
"UBAC2",1
"ANKHD1-EIF4EBP3",1
"MGAT4D",1
"TTC3P1",1
"PRELID1",1
"CNOT7",1
"RNF141",1
"PRPF31",1
"PRR14L",1
"ACTR3",1
"AF070618",1
"HECTD4",1
"UQCC1",1
"AW969652",1
"N4BP2",1
"EPN1",1
"KDM5B",1
"CDK7",1
"LYNX1",1
"ERICH1",1
"CHMP2B",1
"ARAF",1
"ZNF747",1
"FBXW5",1
"216475_at",1
"CCDC7",1
"217524_x_at",1
"MRPS18A",1
"RBFOX2",1
"CCDC158",1
"CDKAL1",1
"BE672541",1
"ITPRIPL1",1
"ASMTL",1
"BC041910",1
"LOC101927411",1
"RAP2A",1
"N34548",1
"FCRLB",1
"MIR6878",1
"XRN1",1
"AI401105",1
"GPN1",1
"TRMT10A",1
"ACTL6B",1
"ZNF664-FAM101A",1
"TMEM186",1
"GABRD",1
"AK022266",1
"AU151944",1
"LRRC39",1
"SCYL3",1
"LRFN3",1
"MDM4",1
"HELB",1
"SENP1",1
"HCG4B",1
"FAM175A",1
"C17orf89",1
"TLX3",1
"FLJ31713",1
"SNX21",1
"AI914418",1
"ING1",1
"DDAH1",1
"RUFY2",1
"EBPL",1
"BC043167",1
"C8orf58",1
"NCK1",1
"1556962_at",1
"COMMD5",1
"COPE",1
"ALOX5",1
"BE646451",1
"AI829674",1
"AFMID",1
"CTDSPL2",1
"GREM2",1
"AI174988",1
"PDPR",1
"AL833248",1
"DNAJC11",1
"KCNC3",1
"ADAMTSL1",1
"FGF18",1
"USP28",1
"HNRNPU",1
"CEP57",1
"231882_at",1
"KLF3",1
"MAF",1
"ST3GAL2",1
"RAB28",1
"BCDIN3D-AS1",1
"RBM8A",1
"GTSE1-AS1",1
"TMEM50A",1
"AL832537",1
"GCSAM",1
"DAW1",1
"EML5",1
"DSG2-AS1",1
"LOC100507494",1
"PSMD5-AS1",1
"Celera",1
"Transcript",1
"hCT18673.3",1
"CALCR",1
"ZNF558",1
"ZFHX4",1
"HACD4",1
"FNDC7",1
"DNM3",1
"WDR91",1
"AKAP12",1
"CYP4F30P",1
"ADAMTS17",1
"RUNX2",1
"chr11:10531757-10531827",1
"HIST1H3D",1
"chrM:578-649",1
"LGR5",1
"POTEB3",1
"HOXA3",1
"SLC7A2",1
"PLCB4",1
"HOXB3",1
"IRS2",1
"GOLGA8DP",1
"CFC1B",1
"C1QL4",1
"POLR2J3",1
"IL1RAP",1
"COLGALT2",1
"IL1RAPL1",1
"MAML3",1
"chr19:20235248-20236293",1
"FGFR2",1
"PRDM16",1
"SLC18A1",1
"MAL2",1
"CD24",1
"POU5F1P4",1
"GAS7",1
"CHRM3",1
"HS6ST1",1
"OVOS",1
"NPC2",1
"ADAMTS9",1
"IGFBP2",1
"SLC16A2",1
"GPC5",1
"SEMA4C",1
"ALG10B",1
"RNF175",1
"SCUBE2",1
"HOXA10-HOXA9",1
"CST3",1
"SNX25",1
"UPK3BL",1
"ENTPD4",1
"CDCA7L",1
"PALD1",1
"chr22:38627727-38628006",1
"DBX2",1
"chr12:110798253-110798551",1
"TM9SF3",1
"PRKD1",1
"GM2A",1
"RNF43",1
"SMIM14",1
"SKA3",1
"STAMBPL1",1
"TYW3",1
"KANK1",1
"TYMS",1
"DPP10",1
"chr15:102313490-102313643",1
"chr4:167063725-167063863",1
"chr10:72163046-72163137",1
"CXCL12",1
"chr13:30438606-30438765",1
"PXDNL",1
"ZNF667",1
"CLDN1",1
"FAR2P1",1
"GNAI1",1
"ATP11C",1
"EPHA7",1
"FAM69C",1
"BVES",1
"TMEM65",1
"PIR-FIGF",1
"HTRA1",1
"HIST1H3G",1
"TVP23C-CDRT4",1
"chr2:131033026-131033095",1
"ABCC1",1
"ARG2",1
"chr8:129022721-129022857",1
"chr14:103049225-103049509",1
"LOC613266",1
"PLD5",1
"CRIPAK",1
"ECM2",1
"RAD52",1
"KCNMA1",1
"TACC1",1
"TMEM97",1
"CAV1",1
"PIGL",1
"TCEB2",1
"POLG2",1
"chr1:245107204-245107518",1
"MRPL11",1
"chr3:11994262-11994559",1
"LOC100132147",1
"CLGN",1
"APCDD1",1
"TMEM135",1
"TRIM5",1
"SNRPD2",1
"PTP4A1",1
"chr4:174062801-174063076",1
"CAPN5",1
"FERMT1",1
"TIMP3",1
"SEZ6L2",1
"LYPD6",1
"IP6K2",1
"ASTN1",1
"NUB1",1
"TSHZ2",1
"PCCA",1
"PRSS35",1
"PIPOX",1
"SKAP2",1
"SLC9A9",1
"chr2:20375107-20375354",1
"LOC107984066",1
"chr13:55014797-55015471",1
"PREP",1
"HECTD3",1
"TMEM64",1
"POTEF",1
"FAM105A",1
"LRP12",1
"chr6:156869046-156869120",1
"RPL18",1
"chr4:76807176-76807697",1
"CADM1",1
"EFNB3",1
"MAPKAPK3",1
"chr1:108113072-108113637",1
"TTC39C",1
"FBXO32",1
"ANO5",1
"HOXA5",1
"STK26",1
"SH3RF1",1
"chr16:53368474-53368575",1
"FAM60A",1
"ME1",1
"C11orf96",1
"chr17:45634779-45634878",1
"KIF26B",1
"chr1:19750878-19751093",1
"AVPR1A",1
"CRYL1",1
"chr17:36387077-36387176",1
"IL17RB",1
"TIMP2",1
"chr12:42636525-42636631",1
"ASAP1",1
"SNCAIP",1
"SLC6A6",1
"PCSK1",1
"SHISA6",1
"chr22:50918730-50918940",1
"AMOT",1
"TMEM106C",1
"chr1:171223047-171223161",1
"chr8:46951571-46952175",1
"CDH20",1
"chr20:11799410-11799739",1
"HSPA1B",1
"chr10:91738474-91738827",1
"KALRN",1
"LINC00312",1
"MCUB",1
"TMEM2",1
"F2RL1",1
"NNMT",1
"MED13L",1
"LINC01597",1
"SNORD21",1
"OGFRL1",1
"PCDH10",1
"chr7:104966298-104966532",1
"PGRMC1",1
"chr17:46842916-46843209",1
"TAS2R45",1
"ZNF155",1
"MMP15",1
"ARL5B",1
"ADCY2",1
"TLX1",1
"PDZRN3",1
"PDK4",1
"HOPX",1
"chr9:32069822-32069981",1
"COL24A1",1
"LOC389199",1
"chr17:75158032-75158389",1
"ARHGAP26",1
"TSPAN2",1
"TMA7",1
"CDCA7",1
"GSKIP",1
"chr5:73613811-73614110",1
"RAB3IP",1
"chr15:30647639-30647741",1
"chr15:32467450-32467552",1
"chr5:154788123-154788360",1
"ZNF275",1
"GRPR",1
"chr19:24182391-24186210",1
"chr9:114602108-114602214",1
"chr14:45557446-45557509",1
"RBMS1",1
"MIR10B",1
"HIST1H2BH",1
"CKM",1
"chr7:80962917-80963147",1
"MYO1B",1
"ZFYVE27",1
"chr19:17338097-17338197",1
"chr2:219967156-219967433",1
"LOC644172",1
"chr7:66071740-66072093",1
"NUDCD1",1
"ELL2",1
"EML6",1
"PRICKLE2",1
"DNAH11",1
"ATP5J2",1
"SEMA6A",1
"CPNE5",1
"chr17:19355539-19356104",1
"GYG1",1
"HIST1H2BK",1
"ST6GALNAC5",1
"LPGAT1",1
"chr6:107398508-107398635",1
"SLC2A3",1
"chr11:121875099-121875156",1
"FIGNL2",1
"DLGAP1",1
"LINC01123",1
"SLC7A6",1
"DSN1",1
"SNORD117",1
"MGAT4A",1
"chr18:9830327-9830624",1
"RPS16",1
"chr12:94909252-94909536",1
"HLA-H",1
"ZNF717",1
"chr4:9698364-9704578",1
"CYB5R3",1
"NUAK1",1
"chr20:18327542-18327636",1
"CLIP4",1
"EVA1A",1
"GSTP1",1
"HIST1H1C",1
"GOLGA8O",1
"chr20:55263457-55263750",1
"chr11:13285471-13285660",1
"MAP7",1
"USP53",1
"S77921",1
"SLC5A3",1
"SPRY2",1
"LOC102724788",1
"chr17:64360147-64360437",1
"ADGRL2",1
"chr19:58581834-58581920",1
"COG6",1
"chr5:79947884-79947954",1
"DPPA4",1
"CDCP1",1
"C7orf49",1
"SLIT1",1
"NAMPT",1
"ZDHHC23",1
"RNU4ATAC",1
"GCLC",1
"WNT7A",1
"HIST2H3D",1
"chrX:45621122-45621210",1
"chrM:5761-5892",1
"chr12:110005780-110005917",1
"HSPA1L",1
"chr11:41144469-41144564",1
"SND1-IT1",1
"chr15:58892332-58892434",1
"ROBO1",1
"chr7:141504768-141504839",1
"chr6:120583432-120583547",1
"DLG3",1
"chr12:66686463-66686794",1
"chr2:230045488-230045666",1
"DPF3",1
"C8orf33",1
"PMVK",1
"chr18:57830800-57830940",1
"LMO7",1
"chrY:10034885-10035517",1
"chr12:38531448-38531930",1
"E2F3",1
"RNVU1-6",1
"PCYT2",1
"SATB1",1
"chr15:32894397-32894565",1
"chr15:30697557-30697725",1
"chr15:32738922-32739090",1
"MCM4",1
"WDR11",1
"LOC728554",1
"TRIM72",1
"ARHGAP18",1
"chr19:14724813-14724884",1
"ZNF331",1
"chr5:122990602-122991011",1
"MACROD2",1
"RPL10",1
"chr4:93623418-93623493",1
"AGTRAP",1
"SEC14L2",1
"BTG1",1
"chr3:139302970-139303287",1
"C15orf38-AP3S2",1
"chr1:120904716-120905090",1
"MARCH3",1
"GINS2",1
"CNP",1
"chr8:109304579-109304662",1
"TTYH2",1
"PMF1-BGLAP",1
"HOXB2",1
"HOXD4",1
"chr1:228651914-228652295",1
"SFRP4",1
"MMP17",1
"chr8:41697579-41697863",1
"CORO2B",1
"PGM5",1
"RASSF4",1
"SMOC1",1
"KCND3",1
"USP41",1
"TXLNB",1
"PCDHB11",1
"chr2:172373732-172374232",1
"SCN4B",1
"ZNF597",1
"PGM5P2",1
"LOC100996732",1
"chr8:143328945-143329227",1
"MT2A",1
"PCMTD1",1
"RN7SL2",1
"DNAJC15",1
"chr17:29845450-29845747",1
"chrX:28988853-28988926",1
"TOR3A",1
"DYNLT1",1
"TRIM9",1
"CYB5A",1
"chr17:8450233-8450526",1
"HOXB4",1
"COMT",1
"chr17:46166040-46166146",1
"BTN2A1",1
"TMEM147",1
"RASSF2",1
"ZNF37BP",1
"PLAG1",1
"NDUFS5",1
"HIST1H2AE",1
"chr15:41137669-41137740",1
"SLC38A9",1
"LRRN2",1
"ZNF138",1
"chr15:76271166-76271280",1
"TRIM68",1
"chr12:110226780-110226938",1
"HOXA-AS2",1
"chr2:221860940-221861033",1
"HPD",1
"ATF3",1
"IRX2",1
"MGC24103",1
"chr15:102296959-102297183",1
"chr15:102303610-102303834",1
"chrY:27605129-27605288",1
"chrY:26357148-26357307",1
"SH3PXD2B",1
"chr2:133036249-133039236",1
"chr6:144692020-144692175",1
"chr19:54158221-54158399",1
"BCAT1",1
"PEA15",1
"chrX:88735818-88735906",1
"RPA2",1
"PLXNC1",1
"AK125787",1
"NEDD8-MDP1",1
"THRA",1
"chr19:18444086-18444383",1
"ABCB4",1
"CXCL17",1
"VCPKMT",1
"LOC400940",1
"BIVM-ERCC5",1
"DR1",1
"SEPT9",1
"PMPCB",1
"chr3:142384658-142384749",1
"SBNO1",1
"MGC45922",1
"GPR37L1",1
"EIF4A2",1
"RCAN2",1
"UST",1
"LOC102724229",1
"CARD10",1
"NCOA7",1
"C19orf70",1
"CYP26A1",1
"TUFM",1
"FAM98B",1
"STIM2",1
"ADAMTS3",1
"chr19:17021300-17021594",1
"LSM4",1
"chr3:80677129-80677228",1
"LGI1",1
"RNU4-1",1
"CERKL",1
"SPIN4",1
"SPATA18",1
"HIST2H2BF",1
"LOC100128775",1
"chr17:47113714-47113811",1
"chr7:71407233-71407453",1
"ATP6AP1L",1
"MTHFD1L",1
"KHDC1L",1
"SLC6A19",1
"chr20:820041-820655",1
"SLC26A10",1
"COPRS",1
"ATG4C",1
"VGLL2",1
"chr16:23443674-23443778",1
"chr6:133593943-133594166",1
"ADAM19",1
"NEK6",1
"chrX:55206597-55206664",1
"chr15:102298354-102298992",1
"chr15:102301232-102301869",1
"C1QTNF3-AMACR",1
"chr12:76709532-76709761",1
"TGFBR1",1
"chr19:40805385-40805491",1
"chr1:86349363-86349480",1
"SNORD44",1
"chr7:112015558-112015625",1
"chr8:23934510-23934671",1
"NMRAL1",1
"CDC34",1
"NIPSNAP3A",1
"CHST7",1
"chr12:127650452-127650987",1
"CYYR1",1
"UQCR11",1
"HIST1H4J",1
"chr2:192235664-192235749",1
"CNGA3",1
"ZIC4",1
"C1orf105",1
"RHOA",1
"LOC105369230",1
"chr19:17020602-17020825",1
"AF090890",1
"chr6:31802385-31807541",1
"chr2:60946779-60946871",1
"chr2:59830731-59830959",1
"AB072904",1
"ZNF367",1
"NLK",1
"ACTA2",1
"chr15:28948712-28948880",1
"PXDN",1
"NUTF2",1
"GNG7",1
"NDFIP2",1
"PMAIP1",1
"LRRC17",1
"TSC22D3",1
"chr19:51430334-51430828",1
"NMD3",1
"HOXD3",1
"PSME3",1
"chr9:126813738-126813813",1
"chr15:56926238-56926313",1
"MPC1",1
"XRRA1",1
"PSMB4",1
"LRP8",1
"chr16:18881490-18881591",1
"chr2:103260246-103260341",1
"HERC2",1
"chr3:39382513-39382641",1
"MBNL3",1
"chr15:30383921-30384089",1
"chr15:30435992-30436160",1
"chr15:32686590-32686758",1
"C21orf33",1
"SYDE2",1
"chr3:54100888-54101014",1
"TOMM34",1
"RBM14",1
"LIPG",1
"COA3",1
"SEPT10",1
"HIST1H1E",1
"HBQ1",1
"TMEM88",1
"PLSCR1",1
"RYBP",1
"KIF6",1
"PCNA",1
"PPCS",1
"SNORD113-4",1
"ATXN7L3",1
"chr7:133182499-133182566",1
"IRF2BPL",1
"RASL10A",1
"MRPL24",1
"CYP26C1",1
"chr14:20883147-20883256",1
"chrM:12267-12337",1
"chr2:191402645-191402786",1
"CSMD2",1
"chr13:37740459-37740795",1
"chr21:34214171-34214305",1
"chr6:134454711-134455006",1
"chr12:133402281-133402844",1
"HHLA3",1
"PELI2",1
"CD63",1
"chr4:57868858-57868958",1
"HIST1H2BE",1
"RPS19BP1",1
"SEPW1",1
"PROSC",1
"INPP5A",1
"CD47",1
"ROBO2",1
"MYO3A",1
"IGF2BP2",1
"chr15:90673649-90673947",1
"chr8:120874902-120875102",1
"HOXA6",1
"TKT",1
"chr2:85794785-85795083",1
"LRRN1",1
"PTRHD1",1
"SGPP2",1
"RASGRP1",1
"chr11:85220982-85221088",1
"IFI27L2",1
"FBXO34",1
"FRMPD3",1
"UROD",1
"MRPS31P5",1
"RCBTB1",1
"chr1:147806766-147806891",1
"chr1:566376-566441",1
"VPS36",1
"TSPAN13",1
"chr7:68527366-68527788",1
"CXADR",1
"TMEM57",1
"CHAF1B",1
"chr1:171461553-171461842",1
"MIR494",1
"HCAR2",1
"LOC100134868",1
"SPATA20",1
"SNCA",1
"SELENBP1",1
"AK5",1
"SEMA6D",1
"chr2:32536142-32536234",1
"VOPP1",1
"THAP11",1
"BCAS2",1
"ZCCHC11",1
"PDLIM1",1
"KLHL20",1
"PLCD3",1
"DIAPH2",1
"SHISA9",1
"chr18:9923916-9923999",1
"ATL2",1
"S64649",1
"LUZP1",1
"HK1",1
"chr12:3180700-3181325",1
"DDX60",1
"MYZAP",1
"chr6:109380712-109380817",1
"NTNG1",1
"chr4:70296579-70296753",1
"chrX:34234075-34234164",1
"chr3:152917489-152917806",1
"MYO7A",1
"chr17:56709023-56709197",1
"NELL2",1
"ABCC3",1
"C3orf70",1
"chr18:39850554-39850643",1
"PYCR2",1
"SNAP29",1
"CPNE3",1
"RASA4B",1
"GJD3",1
"chr15:62536565-62536720",1
"QPCT",1
"AQP1",1
"KLHL5",1
"MAP1LC3C",1
"ZFHX3",1
"chr1:173938456-173938574",1
"MAX",1
"NABP1",1
"RPLP2",1
"chr6:110761275-110761506",1
"SNAP23",1
"PTGIS",1
"chr4:164750038-164750265",1
"NUDT4P1",1
"chr6:22085773-22086105",1
"chr1:145277250-145277501",1
"chr1:120543874-120544125",1
"FRZB",1
"AF130084",1
"HADH",1
"CXCL16",1
"SHISA4",1
"MED7",1
"chr3:133204695-133204778",1
"PRSS3P2",1
"C8orf4",1
"chrX:108297325-108297834",1
"SEMA3D",1
"chr8:99475172-99475278",1
"chr13:26091257-26091363",1
"PRR5L",1
"chr11:125147448-125147552",1
"ABI3BP",1
"TESC",1
"RASSF3",1
"XKR4",1
"HLA-F",1
"AF234262",1
"CDK5RAP3",1
"RGS20",1
"SNTG1",1
"NRCAM",1
"SAT1",1
"RENBP",1
"CPVL",1
"RPS7",1
"SLC25A18",1
"chr2:75645973-75646075",1
"PEX11B",1
"GCSHP3",1
"CD59",1
"chr4:120158522-120158690",1
"chr15:23263775-23263942",1
"GDPD2",1
"SYNDIG1",1
"AKAP9",1
"CACNB3",1
"CCNE2",1
"IDH2",1
"chr17:43404742-43404861",1
"chr20:39918920-39919216",1
"SYT16",1
"RPS10-NUDT3",1
"LIMD1-AS1",1
"PFN2",1
"chr2:115695018-115695281",1
"IRX5",1
"TIMP4",1
"SATB2",1
"TECR",1
"ERAL1",1
"GPT2",1
"SLC2A10",1
"QSOX2",1
"RGS6",1
"ZNF785",1
"HIST1H2BD",1
"chr17:2584250-2584530",1
"chr5:84845403-84845773",1
"RBP1",1
"C15orf59",1
"MARCH6",1
"chr5:126091015-126091109",1
"SVBP",1
"chr16:33962517-33963151",1
"UBA52",1
"BMPR1B",1
"GATA3",1
"HIST2H2AC",1
"chr1:150183930-150184223",1
"RPS20P27",1
"VWCE",1
"chr13:28563434-28563715",1
"MGAT4B",1
"ATOH1",1
"NPAS3",1
"ELOVL7",1
"STEAP2",1
"chr8:92607193-92607525",1
"ZNF280D",1
"CP",1
"CLEC4A",1
"HIST1H4I",1
"chr4:140079043-140079109",1
"GTSF1L",1
"LMBR1L",1
"SPRY1",1
"TMEM56-RWDD3",1
"ZNF385D",1
"chr7:22813265-22813612",1
"RHEB",1
"GRHPR",1
"chr7:97627637-97627934",1
"ASB16",1
"VTRNA1-3",1
"LRP1B",1
"chr6:152611080-152611168",1
"ZNF423",1
"chr10:88390582-88391367",1
"NBAS",1
"WT1-AS",1
"IRAK1",1
"PFKP",1
"RARRES3",1
"chr3:125879126-125879288",1
"MFSD4B",1
"CTBS",1
"AF364863",1
"chr5:132184269-132184373",1
"ST13P4",1
"ZWINT",1
"IRS1",1
"SIAH1",1
"LMAN2L",1
"PKP2",1
"WDR76",1
"chr13:40021253-40021353",1
"GABBR1",1
"chr5:153134942-153135240",1
"chr5:175974447-175974727",1
"chr12:51027056-51027159",1
"chr1:27503568-27503768",1
"TNC",1
"SULF2",1
"WWC2",1
"HS3ST6",1
"SOX1",1
"FLNB",1
"MERTK",1
"ZNF75D",1
"CACNA1C",1
"HOXC6",1
"GBE1",1
"TMEM54",1
"POU4F3",1
"FAM129A",1
"ZNF248",1
"GALNT7",1
"KDM4A",1
"PPP1R3B",1
"COX6B1",1
"chr8:36621963-36622069",1
"L3MBTL4",1
"LAMP1",1
"RASGRP3",1
"chr16:29448820-29448921",1
"chr16:29550585-29550686",1
"IL17RD",1
"IGF1R",1
"chr9:101908122-101908248",1
"chr9:30831876-30832223",1
"SNORD116-29",1
"chr18:3894699-3894805",1
"TACR3",1
"GOLGA8R",1
"LOC101926933",1
"CHRNA3",1
"BNC2",1
"FZD5",1
"chr6:153603371-153603889",1
"chr12:34318478-34318579",1
"chr6:134604230-134604329",1
"RWDD1",1
"chr3:179497344-179497506",1
"chr1:45453906-45454397",1
"TMED6",1
"CDH6",1
"GSS",1
"RNU5D-1",1
"NCR3LG1",1
"PSMB3",1
"AP1B1",1
"PGM2L1",1
"MIRLET7I",1
"DCAKD",1
"HNRNPA1",1
"chr14:36256066-36256168",1
"chr3:172514213-172514348",1
"chr12:114386545-114386617",1
"KIAA1161",1
"chr13:74863239-74863351",1
"PTP4A3",1
"chr16:47538630-47539299",1
"CLDN34",1
"MEGF8",1
"chr3:98590945-98591024",1
"chrX:40767237-40767644",1
"FAM27A",1
"TMSB4XP2",1
"BRK1",1
"chr9:111389113-111389430",1
"chr7:64791631-64791732",1
"CCNL2",1
"VWA5B1",1
"chr10:120820497-120820623",1
"chr4:22595819-22596073",1
"KITLG",1
"RNF149",1
"KLHL13",1
"NEU2",1
"ST13P5",1
"GFRA2",1
"TMEM17",1
"TRIM46",1
"MYLIP",1
"chrX:26178718-26179941",1
"chr2:47917855-47918385",1
"ATP1A1",1
"HIST1H2AH",1
"RAB3C",1
"chr4:7584187-7584364",1
"chr17:26393346-26395166",1
"LOC729080",1
"LGSN",1
"EPDR1",1
"PDGFC",1
"TMEM51-AS1",1
"chr20:44407337-44407461",1
"POU5F1P3",1
"chr14:73319934-73320039",1
"NR3C2",1
"GRIA1",1
"MLF2",1
"chr18:19397583-19397789",1
"PTPN3",1
"MPP3",1
"ADCYAP1R1",1
"CAP2",1
"ITPKA",1
"PFKFB3",1
"APOL4",1
"IER5",1
"NDUFB7",1
"chr8:21455972-21456318",1
"KLHL24",1
"CTNNA3",1
"ANKEF1",1
"chr11:67999043-67999452",1
"FCER2",1
"chr3:71876328-71876621",1
"E2F1",1
"ADCY9",1
"VLDLR",1
"SLC44A3",1
"chr20:49174219-49174534",1
"chrX:25663839-25664444",1
"SLC38A2",1
"MICU3",1
"MNS1",1
"RAB5C",1
"LIMCH1",1
"M6PR",1
"AW052159",1
"RPARP-AS1",1
"TVP23C",1
"BI052176",1
"TMEM161B-AS1",1
"MIR34A",1
"TRIM2",1
"TBX3",1
"GRIN1",1
"FRA10AC1",1
"TMEM176A",1
"AA417099",1
"FUCA1",1
"MIR24-2",1
"CDC42SE2",1
"SELE",1
"CTSB",1
"RUNX3",1
"PTPRCAP",1
"SIGLEC11",1
"C1QB",1
"FAM20A",1
"HSPB8",1
"NR5A2",1
"AW136457",1
"PTGS2",1
"ITGAM",1
"FAM26F",1
"AW292830",1
"CD84",1
"GUSBP11",1
"AW296190",1
"SIGLEC1",1
"AMER2",1
"RNASET2",1
"SLC30A7",1
"KDM2B",1
"244375_at",1
"RND1",1
"CD9",1
"U2AF1L4",1
"KCNJ2",1
"IQSEC1",1
"PDE4A",1
"RGS18",1
"CCNY",1
"MRFAP1L1",1
"SH2D3C",1
"IL4R",1
"CNOT4",1
"TNRC6B",1
"SPON2",1
"DOCK2",1
"SH3KBP1",1
"SSH2",1
"ISOC2",1
"TBC1D7",1
"CAMK2G",1
"P2RY13",1
"PNO1",1
"SLX4IP",1
"TIMM8A",1
"ZNF281",1
"LIPA",1
"ZNF746",1
"HMGN5",1
"FBXO38",1
"MMP23A",1
"LYST",1
"NCOA1",1
"PRUNE1",1
"WTAP",1
"YPEL2",1
"H2AFZ",1
"C1RL",1
"ZNF106",1
"NLRP3",1
"SLC44A1",1
"GOLM1",1
"SIRPA",1
"CHMP2A",1
"TPPP3",1
"EEF1A1",1
"EHMT2",1
"NLRP2",1
"FAM210A",1
"DNAJB6",1
"RPP25",1
"LPP",1
"DAZAP2",1
"ZNHIT3",1
"EPC1",1
"CEP350",1
"CAB39",1
"ARCN1",1
"CD200R1",1
"KDM3B",1
"WNT10B",1
"RNF44",1
"CHUK",1
"KLHL28",1
"CRLS1",1
"FBXW7",1
"SLC7A6OS",1
"GUF1",1
"HMP19",1
"GPR180",1
"RAB22A",1
"SOCS4",1
"SVIL",1
"OXSR1",1
"TUFT1",1
"CPED1",1
"CFAP126",1
"BCR",1
"BOK",1
"TAF13",1
"MTF1",1
"AVEN",1
"TBC1D14",1
"LPCAT4",1
"KANSL1",1
"RNF145",1
"TPT1",1
"TMIGD2",1
"PRDM1",1
"PTPRA",1
"NUDT14",1
"ARMC5",1
"ARHGEF7",1
"MBP",1
"LARP4B",1
"STOML1",1
"ZNF217",1
"KIAA0232",1
"DDX6",1
"HAGH",1
"CDKN2AIP",1
"ABR",1
"ZNF467",1
"ZNF319",1
"CLN6",1
"SERPINE2",1
"SLCO1A2",1
"GRAMD1A",1
"PELO",1
"NCOA6",1
"CCDC28A",1
"TES",1
"CLNS1A",1
"COPA",1
"SNX27",1
"PRKCB",1
"CLEC5A",1
"PQBP1",1
"PDHB",1
"CEP41",1
"NFX1",1
"ENPP5",1
"ARFGEF1",1
"STXBP5",1
"MAN2A1",1
"STX16",1
"PUM2",1
"TCFL5",1
"TAF6",1
"PPP3R1",1
"HDHD3",1
"MPV17L2",1
"RNF8",1
"VPS4B",1
"TAF15",1
"DBNDD2",1
"NOP56",1
"AEBP1",1
"SPAG16",1
"PAN3",1
"MAP2K6",1
"TUBB4Q",1
"FUOM",1
"CEACAM21",1
"WLS",1
"ADAM12",1
"NBR1",1
"SLC35F6",1
"CMTM7",1
"STUB1",1
"SERINC2",1
"GH1",1
"SOX6",1
"GH2",1
